rs_id	variation_hg19	variation_hg38
rs144501042	13:114321467:G:A	13:113667152:G:A
rs279549	3:9970031:A:C	3:9928347:A:C
rs279549	3:9970031:A:G	3:9928347:A:G
rs279549	3:9970031:A:T	3:9928347:A:T
rs113371765	19:18209578:A:G	19:18098768:A:G
rs3918003	1:36931373:C:T	1:36465772:C:T
rs3087465	3:30647160:A:G	3:30605668:A:G
rs3087465	3:30647160:A:T	3:30605668:A:T
rs744751	3:30735937:G:A	3:30694445:G:A
rs744751	3:30735937:G:C	3:30694445:G:C
rs744751	3:30735937:G:T	3:30694445:G:T
rs6808594	3:30647717:T:G	3:30606225:T:G
rs193922662	3:30713838:A:G	3:30672346:A:G
rs193922662	3:30713838:A:T	3:30672346:A:T
rs193922661	3:30713827:T:A	3:30672335:T:A
rs193922661	3:30713827:T:C	3:30672335:T:C
rs193922661	3:30713827:T:G	3:30672335:T:G
rs10849443	12:6439255:G:A	12:6330089:G:A
rs10849443	12:6439255:G:C	12:6330089:G:C
rs10849443	12:6439255:G:T	12:6330089:G:T
rs2834181	21:34680395:C:A	21:33308090:C:A
rs1467370	21:34680690:T:A	21:33308385:T:A
rs1467370	21:34680690:T:C	21:33308385:T:C
rs1467370	21:34680690:T:G	21:33308385:T:G
rs867553241	11:117856768:G:T	11:117986053:G:T
rs1579734448	5:54543581:A:G	5:55247753:A:G
rs1396169268	X:70331494:G:A	X:71111644:G:A
rs1396169268	X:70331494:G:T	X:71111644:G:T
rs16858808	2:219028932:G:A	2:218164209:G:A
rs16858808	2:219028932:G:T	2:218164209:G:T
rs16858811	2:219029843:A:C	2:218165120:A:C
rs4925543	1:247587531:A:C	1:247424229:A:C
rs4925543	1:247587531:A:G	1:247424229:A:G
rs4925543	1:247587531:A:T	1:247424229:A:T
rs10815225	9:5450497:G:A	9:5450497:G:A
rs10815225	9:5450497:G:C	9:5450497:G:C
rs20417	1:186650321:C:G	1:186681189:C:G
rs20417	1:186650321:C:T	1:186681189:C:T
rs2839687	10:44880838:T:C	10:44385390:T:C
rs2857657	17:32583132:G:C	17:34256113:G:C
rs2857657	17:32583132:G:T	17:34256113:G:T
rs1024610	17:32580231:T:A	17:34253212:T:A
rs1024610	17:32580231:T:G	17:34253212:T:G
rs1024611	17:32579788:A:G	17:34252769:A:G
rs969326231	17:32578058:C:A	17:34251039:C:A
rs969326231	17:32578058:C:T	17:34251039:C:T
rs11171806	12:56733531:G:A	12:56339747:G:A
rs597506	6:52109621:T:C	6:52244823:T:C
rs597506	6:52109621:T:G	6:52244823:T:G
rs11465538	6:52109386:G:A	6:52244588:G:A
rs11465538	6:52109386:G:T	6:52244588:G:T
rs2275913	6:52051033:G:A	6:52186235:G:A
rs2275913	6:52051033:G:C	6:52186235:G:C
rs1800795	7:22766645:C:G	7:22727026:C:G
rs1800795	7:22766645:C:T	7:22727026:C:T
rs1800797	7:22766221:A:C	7:22726602:A:C
rs1800797	7:22766221:A:G	7:22726602:A:G
rs1800797	7:22766221:A:T	7:22726602:A:T
rs142930253	7:22764868:C:A	7:22725249:C:A
rs142930253	7:22764868:C:T	7:22725249:C:T
rs361525	6:31543101:G:A	6:31575324:G:A
rs1800629	6:31543031:G:A	6:31575254:G:A
rs1800750	6:31542963:G:A	6:31575186:G:A
rs1799724	6:31542482:C:T	6:31574705:C:T
rs1800630	6:31542476:C:A	6:31574699:C:A
rs1800630	6:31542476:C:G	6:31574699:C:G
rs2234676	2:113875428:G:A	2:113117851:G:A
rs4251968	2:113875217:A:C	2:113117640:A:C
rs4251968	2:113875217:A:G	2:113117640:A:G
rs1800469	19:41860296:A:C	19:41354391:A:C
rs1800469	19:41860296:A:G	19:41354391:A:G
rs1800469	19:41860296:A:T	19:41354391:A:T
rs587776843	1:206948631:T:C	1:206775286:T:C
rs1800896	1:206946897:T:A	1:206773552:T:A
rs1800896	1:206946897:T:C	1:206773552:T:C
rs1800896	1:206946897:T:G	1:206773552:T:G
rs1800871	1:206946634:A:C	1:206773289:A:C
rs1800871	1:206946634:A:G	1:206773289:A:G
rs1800871	1:206946634:A:T	1:206773289:A:T
rs1800872	1:206946407:T:G	1:206773062:T:G
rs2069707	12:68554288:G:A	12:68160508:G:A
rs2069707	12:68554288:G:C	12:68160508:G:C
rs2069709	12:68553703:C:A	12:68159923:C:A
rs1143623	2:113595829:C:A	2:112838252:C:A
rs1143623	2:113595829:C:G	2:112838252:C:G
rs16944	2:113594867:A:G	2:112837290:A:G
rs1143627	2:113594387:G:A	2:112836810:G:A
rs1143627	2:113594387:G:C	2:112836810:G:C
rs1143627	2:113594387:G:T	2:112836810:G:T
rs4073	4:74606024:A:C	4:73740307:A:C
rs4073	4:74606024:A:G	4:73740307:A:G
rs4073	4:74606024:A:T	4:73740307:A:T
